num_grades,avg_grade,grade_trend,num_absences,unexcused_absences,num_tardies,num_tests_completed,avg_time_on_tests,avg_test_attempts,num_assignments_submitted,avg_time_on_assignments,target_grade
58,98.0,2.5,0,0,0,16,24.0,1.0,16,55.0,100.0
55,96.5,3.0,1,0,1,15,26.0,1.0,16,60.0,100.0
52,95.0,1.5,2,0,0,15,28.0,1.1,15,58.0,98.8
48,97.2,4.0,1,0,0,16,25.5,1.0,16,62.0,100.0
45,94.5,2.0,2,0,2,14,29.0,1.1,15,65.0,97.9
42,96.0,3.5,0,0,0,15,27.0,1.0,16,59.0,100.0
38,93.8,5.0,3,0,1,14,30.0,1.2,15,68.0,97.6
35,95.5,1.0,1,0,0,15,26.5,1.0,15,63.0,99.6
32,92.5,4.2,2,0,1,14,31.0,1.2,14,70.0,96.4
28,94.0,2.8,2,0,0,13,28.5,1.1,14,66.0,98.1
25,96.8,1.2,1,0,0,14,25.0,1.0,15,57.0,100.0
22,93.0,6.0,3,0,2,13,32.0,1.2,14,72.0,96.7
62,97.0,2.2,1,0,1,16,25.0,1.0,16,58.0,100.0
56,95.5,3.8,2,0,0,15,27.5,1.1,16,62.0,99.7
50,94.0,1.5,2,1,1,15,29.0,1.1,15,64.0,97.2
46,96.2,4.5,0,0,1,16,26.0,1.0,16,60.0,100.0
40,93.5,3.2,3,0,2,14,30.5,1.2,15,69.0,96.7
36,95.0,2.0,1,0,0,15,28.0,1.1,15,65.0,99.2
30,92.8,5.5,2,0,1,14,31.5,1.2,14,71.0,96.9
26,96.0,1.8,1,0,0,14,26.0,1.0,15,59.0,100.0
24,94.2,3.0,2,0,2,13,29.5,1.1,14,67.0,97.8
20,91.5,4.8,3,0,1,13,33.0,1.2,14,73.0,95.3
60,98.5,1.0,0,0,0,16,24.5,1.0,16,56.0,100.0
54,93.2,3.4,3,0,1,14,30.0,1.2,15,68.0,96.7
55,77.0,1.0,7,4,2,13,25.0,1.0,14,38.0,77.5
58,78.5,2.0,6,3,1,14,26.0,1.1,15,42.0,80.0
52,76.0,0.5,8,4,3,13,27.0,1.2,14,45.0,75.6
60,80.0,3.2,5,2,2,15,24.0,1.1,15,40.0,82.1
50,75.5,-1.0,7,3,2,13,28.0,1.2,13,48.0,74.3
48,84.5,2.5,4,1,1,14,32.0,1.2,15,70.0,87.2
45,83.0,3.8,3,0,2,14,34.0,1.3,14,72.0,86.2
42,85.0,1.2,4,1,3,15,30.0,1.2,15,68.0,87.0
40,81.8,4.0,5,2,1,13,35.0,1.3,14,75.0,84.0
38,82.5,2.0,4,1,2,14,33.0,1.2,14,71.0,84.9
36,80.2,5.0,5,1,4,13,36.0,1.3,13,76.0,80.7
35,84.0,1.5,3,0,1,14,31.5,1.2,15,69.0,87.2
32,79.5,3.2,6,2,2,13,37.0,1.4,13,78.0,79.4
30,81.0,2.2,4,1,3,13,34.5,1.3,14,73.0,83.0
28,78.5,4.5,5,2,2,12,38.0,1.4,13,80.0,77.4
26,82.0,1.0,4,1,1,13,33.0,1.3,14,72.0,84.3
25,77.8,3.5,6,2,3,12,36.5,1.4,13,77.0,76.0
24,80.5,2.8,5,1,2,13,35.0,1.3,14,74.0,82.6
22,76.2,4.0,6,2,2,12,39.0,1.5,12,82.0,74.6
20,79.0,1.8,5,1,3,13,36.0,1.4,13,76.0,79.0
44,85.0,6.0,9,2,5,14,20.0,1.1,16,45.0,85.8
40,83.5,5.2,10,3,6,13,22.0,1.2,15,50.0,83.1
36,86.0,7.0,8,2,4,14,19.0,1.1,16,44.0,87.5
32,82.0,4.5,11,3,7,13,23.0,1.2,14,52.0,81.0
28,84.2,5.8,9,2,5,13,21.0,1.1,15,48.0,85.0
46,75.0,10.5,3,0,1,14,42.0,2.1,14,105.0,78.4
42,74.2,11.8,2,0,0,14,44.0,2.2,15,112.0,78.2
38,76.0,9.2,4,1,2,13,41.0,2.0,14,98.0,78.5
34,73.5,12.0,3,0,1,13,43.5,2.3,14,108.0,76.9
30,75.2,8.5,4,1,1,13,40.5,2.0,13,102.0,76.3
54,79.2,2.0,5,2,2,14,29.0,1.2,14,65.0,80.9
51,81.4,3.0,4,1,2,14,31.0,1.2,15,68.0,83.9
47,77.5,1.5,6,2,3,13,33.0,1.3,13,72.0,77.0
43,80.0,2.8,5,1,2,14,32.0,1.2,14,70.0,82.3
39,78.2,3.5,6,2,1,13,35.0,1.3,13,75.0,78.5
37,82.5,1.8,4,1,3,14,30.5,1.2,14,69.0,84.6
33,76.8,4.2,5,2,2,12,37.0,1.4,13,79.0,75.6
29,79.4,2.5,5,1,2,13,34.0,1.3,13,74.0,80.0
27,81.0,3.0,4,1,1,13,31.5,1.2,14,71.0,83.8
23,77.0,2.0,6,2,3,12,36.0,1.4,12,78.0,74.9
21,78.8,1.5,5,1,2,13,33.5,1.3,13,73.0,79.2
19,76.5,3.8,6,2,2,12,38.0,1.4,12,80.0,75.0
46,68.0,1.5,8,3,4,12,30.0,1.9,12,74.0,63.9
43,66.5,2.4,9,4,3,11,28.5,2.0,11,70.0,62.0
40,69.0,-1.5,8,3,5,12,32.0,1.8,11,76.0,64.3
38,65.2,3.0,9,3,4,11,29.0,2.1,11,72.0,60.8
36,67.4,0.0,10,4,4,12,31.0,2.0,11,78.0,62.0
34,64.0,2.8,10,4,3,10,27.5,2.1,10,68.0,59.2
32,65.8,-2.0,9,3,5,11,33.0,2.0,11,75.0,60.4
30,63.5,1.8,11,5,4,10,28.0,2.2,10,70.0,57.5
28,66.0,-1.0,10,4,6,11,30.5,2.1,10,77.0,59.8
26,62.0,3.2,11,5,3,10,26.5,2.2,10,66.0,56.5
25,64.2,0.5,10,4,5,10,31.0,2.1,10,73.0,58.5
24,61.5,2.0,12,6,4,9,28.0,2.3,9,69.0,54.1
22,63.0,-3.0,11,5,5,10,32.5,2.2,9,75.0,55.3
20,60.0,1.5,12,5,4,9,27.0,2.2,9,67.0,53.1
18,61.8,-2.0,11,6,6,9,30.0,2.3,9,72.0,53.5
16,59.5,2.2,12,6,4,8,28.5,2.3,8,68.0,50.4
36,64.0,19.5,10,4,5,12,32.0,1.8,12,78.0,62.2
32,62.5,18.0,11,5,4,11,30.5,1.9,12,75.0,59.8
28,63.8,20.0,10,4,5,11,31.0,1.8,11,74.0,62.0
24,61.0,17.5,12,5,5,10,29.0,2.0,11,72.0,57.6
22,62.0,19.0,11,5,4,10,30.0,1.9,11,76.0,59.5
20,59.8,16.0,12,6,5,9,28.5,2.0,10,70.0,55.7
18,60.5,17.5,11,5,4,9,31.5,2.1,10,75.0,57.4
16,58.2,15.0,12,6,4,9,29.5,2.1,9,73.0,53.5
42,65.0,11.0,4,1,1,12,44.0,2.4,12,120.0,64.4
38,64.2,9.5,5,1,2,11,42.5,2.3,11,115.0,63.0
34,63.5,12.0,4,0,1,11,45.0,2.5,11,125.0,63.4
30,62.0,10.0,5,1,2,10,43.0,2.4,10,118.0,60.8
26,61.2,8.5,5,2,2,10,44.0,2.5,10,122.0,59.1
22,60.0,10.5,5,1,1,9,45.0,2.6,9,126.0,58.2
18,59.0,7.5,6,2,2,9,42.0,2.4,9,114.0,56.1
15,58.0,9.0,6,1,2,8,44.5,2.5,8,120.0,53.9
28,61.0,-18.5,14,8,6,9,25.0,2.0,8,58.0,47.7
25,59.5,-17.0,15,9,5,8,26.5,2.1,7,62.0,44.2
22,62.0,-20.0,13,8,7,8,24.0,1.9,7,55.0,46.8
20,57.8,-16.5,16,10,5,7,27.0,2.2,6,60.0,40.0
18,58.5,-18.0,15,9,6,7,25.5,2.1,6,58.0,41.0
16,56.0,-19.5,16,11,6,6,26.0,2.3,6,56.0,36.1
24,52.0,-4.0,17,12,6,6,16.0,2.6,6,45.0,33.8
22,50.5,-6.0,18,13,7,5,14.5,2.7,5,40.0,29.1
20,53.0,-2.5,16,11,8,6,17.5,2.5,6,48.0,35.3
18,48.8,-8.0,19,14,6,5,13.0,2.8,5,38.0,26.5
16,47.2,-5.0,20,15,8,4,15.0,2.7,4,42.0,22.7
15,49.0,-7.5,18,13,7,5,14.0,2.9,5,39.0,27.0
14,46.0,-3.0,21,16,9,4,12.5,2.8,4,36.0,20.8
13,48.2,-9.0,19,14,8,4,15.5,3.0,4,41.0,23.2
12,44.5,-6.0,22,17,7,3,11.0,3.0,3,35.0,16.6
11,45.8,-4.0,20,15,9,4,13.5,2.9,4,37.0,20.9
10,43.0,-8.0,22,17,8,3,10.5,3.1,3,32.0,14.3
9,44.0,-5.0,21,16,8,3,12.0,3.0,3,34.0,16.7
8,41.5,-7.0,23,18,9,2,11.5,3.1,2,33.0,10.4
7,39.0,-9.5,24,19,9,2,10.0,3.2,2,30.0,6.6
6,32.0,-14.0,25,21,9,2,9.0,3.0,1,25.0,0.0
5,26.5,-18.0,28,24,11,1,7.5,3.2,1,20.0,0.0
3,21.0,-22.0,30,27,8,0,0.0,0.0,0,0.0,0.0
4,28.0,-16.0,27,23,10,1,8.0,3.0,1,22.0,0.0
